,,city,0
date_time,count,Barcelona,3946
date_time,count,Bilbao,3946
date_time,count,Lisboa,3946
date_time,count,Madrid,3946
date_time,count,Malaga,3946
date_time,count,Oporto,3946
date_time,count,Sevilla,3946
date_time,count,Valencia,3946
date_time,count,Vigo,3946
date_time,count,Zaragoza,3946
date_time,mean,Barcelona,2013-11-24 12:00:00
date_time,mean,Bilbao,2013-11-24 12:00:00
date_time,mean,Lisboa,2013-11-24 12:00:00
date_time,mean,Madrid,2013-11-24 12:00:00
date_time,mean,Malaga,2013-11-24 12:00:00
date_time,mean,Oporto,2013-11-24 12:00:00
date_time,mean,Sevilla,2013-11-24 12:00:00
date_time,mean,Valencia,2013-11-24 12:00:00
date_time,mean,Vigo,2013-11-24 12:00:00
date_time,mean,Zaragoza,2013-11-24 12:00:00
date_time,min,Barcelona,2008-07-01 00:00:00
date_time,min,Bilbao,2008-07-01 00:00:00
date_time,min,Lisboa,2008-07-01 00:00:00
date_time,min,Madrid,2008-07-01 00:00:00
date_time,min,Malaga,2008-07-01 00:00:00
date_time,min,Oporto,2008-07-01 00:00:00
date_time,min,Sevilla,2008-07-01 00:00:00
date_time,min,Valencia,2008-07-01 00:00:00
date_time,min,Vigo,2008-07-01 00:00:00
date_time,min,Zaragoza,2008-07-01 00:00:00
date_time,25%,Barcelona,2011-03-14 06:00:00
date_time,25%,Bilbao,2011-03-14 06:00:00
date_time,25%,Lisboa,2011-03-14 06:00:00
date_time,25%,Madrid,2011-03-14 06:00:00
date_time,25%,Malaga,2011-03-14 06:00:00
date_time,25%,Oporto,2011-03-14 06:00:00
date_time,25%,Sevilla,2011-03-14 06:00:00
date_time,25%,Valencia,2011-03-14 06:00:00
date_time,25%,Vigo,2011-03-14 06:00:00
date_time,25%,Zaragoza,2011-03-14 06:00:00
date_time,50%,Barcelona,2013-11-24 12:00:00
date_time,50%,Bilbao,2013-11-24 12:00:00
date_time,50%,Lisboa,2013-11-24 12:00:00
date_time,50%,Madrid,2013-11-24 12:00:00
date_time,50%,Malaga,2013-11-24 12:00:00
date_time,50%,Oporto,2013-11-24 12:00:00
date_time,50%,Sevilla,2013-11-24 12:00:00
date_time,50%,Valencia,2013-11-24 12:00:00
date_time,50%,Vigo,2013-11-24 12:00:00
date_time,50%,Zaragoza,2013-11-24 12:00:00
date_time,75%,Barcelona,2016-08-06 18:00:00
date_time,75%,Bilbao,2016-08-06 18:00:00
date_time,75%,Lisboa,2016-08-06 18:00:00
date_time,75%,Madrid,2016-08-06 18:00:00
date_time,75%,Malaga,2016-08-06 18:00:00
date_time,75%,Oporto,2016-08-06 18:00:00
date_time,75%,Sevilla,2016-08-06 18:00:00
date_time,75%,Valencia,2016-08-06 18:00:00
date_time,75%,Vigo,2016-08-06 18:00:00
date_time,75%,Zaragoza,2016-08-06 18:00:00
date_time,max,Barcelona,2019-04-20 00:00:00
date_time,max,Bilbao,2019-04-20 00:00:00
date_time,max,Lisboa,2019-04-20 00:00:00
date_time,max,Madrid,2019-04-20 00:00:00
date_time,max,Malaga,2019-04-20 00:00:00
date_time,max,Oporto,2019-04-20 00:00:00
date_time,max,Sevilla,2019-04-20 00:00:00
date_time,max,Valencia,2019-04-20 00:00:00
date_time,max,Vigo,2019-04-20 00:00:00
date_time,max,Zaragoza,2019-04-20 00:00:00
date_time,std,Barcelona,
date_time,std,Bilbao,
date_time,std,Lisboa,
date_time,std,Madrid,
date_time,std,Malaga,
date_time,std,Oporto,
date_time,std,Sevilla,
date_time,std,Valencia,
date_time,std,Vigo,
date_time,std,Zaragoza,
maxtempC,count,Barcelona,3946.0
maxtempC,count,Bilbao,3946.0
maxtempC,count,Lisboa,3946.0
maxtempC,count,Madrid,3946.0
maxtempC,count,Malaga,3946.0
maxtempC,count,Oporto,3946.0
maxtempC,count,Sevilla,3946.0
maxtempC,count,Valencia,3946.0
maxtempC,count,Vigo,3946.0
maxtempC,count,Zaragoza,3946.0
maxtempC,mean,Barcelona,19.24404460212874
maxtempC,mean,Bilbao,16.316523061327928
maxtempC,mean,Lisboa,20.458945767866194
maxtempC,mean,Madrid,20.05701976685251
maxtempC,mean,Malaga,20.47389761784085
maxtempC,mean,Oporto,24.7181956411556
maxtempC,mean,Sevilla,25.05068423720223
maxtempC,mean,Valencia,28.35656360871769
maxtempC,mean,Vigo,17.36796756208819
maxtempC,mean,Zaragoza,20.00025342118601
maxtempC,min,Barcelona,4.0
maxtempC,min,Bilbao,1.0
maxtempC,min,Lisboa,8.0
maxtempC,min,Madrid,0.0
maxtempC,min,Malaga,6.0
maxtempC,min,Oporto,5.0
maxtempC,min,Sevilla,3.0
maxtempC,min,Valencia,21.0
maxtempC,min,Vigo,4.0
maxtempC,min,Zaragoza,0.0
maxtempC,25%,Barcelona,14.0
maxtempC,25%,Bilbao,12.0
maxtempC,25%,Lisboa,16.0
maxtempC,25%,Madrid,12.0
maxtempC,25%,Malaga,16.0
maxtempC,25%,Oporto,21.0
maxtempC,25%,Sevilla,18.0
maxtempC,25%,Valencia,27.0
maxtempC,25%,Vigo,13.0
maxtempC,25%,Zaragoza,13.0
maxtempC,50%,Barcelona,19.0
maxtempC,50%,Bilbao,16.0
maxtempC,50%,Lisboa,20.0
maxtempC,50%,Madrid,19.0
maxtempC,50%,Malaga,20.0
maxtempC,50%,Oporto,25.0
maxtempC,50%,Sevilla,24.0
maxtempC,50%,Valencia,28.0
maxtempC,50%,Vigo,17.0
maxtempC,50%,Zaragoza,19.0
maxtempC,75%,Barcelona,24.0
maxtempC,75%,Bilbao,20.0
maxtempC,75%,Lisboa,25.0
maxtempC,75%,Madrid,28.0
maxtempC,75%,Malaga,25.0
maxtempC,75%,Oporto,29.0
maxtempC,75%,Sevilla,33.0
maxtempC,75%,Valencia,29.0
maxtempC,75%,Vigo,22.0
maxtempC,75%,Zaragoza,27.0
maxtempC,max,Barcelona,34.0
maxtempC,max,Bilbao,33.0
maxtempC,max,Lisboa,40.0
maxtempC,max,Madrid,40.0
maxtempC,max,Malaga,35.0
maxtempC,max,Oporto,40.0
maxtempC,max,Sevilla,45.0
maxtempC,max,Valencia,35.0
maxtempC,max,Vigo,33.0
maxtempC,max,Zaragoza,41.0
maxtempC,std,Barcelona,5.914601061409584
maxtempC,std,Bilbao,5.409414473124942
maxtempC,std,Lisboa,5.275186412756124
maxtempC,std,Madrid,8.93446312425919
maxtempC,std,Malaga,5.619173483252597
maxtempC,std,Oporto,5.741597344304366
maxtempC,std,Sevilla,8.57783069932907
maxtempC,std,Valencia,1.8224981116393026
maxtempC,std,Vigo,5.39322466328411
maxtempC,std,Zaragoza,8.452791437092285
mintempC,count,Barcelona,3946.0
mintempC,count,Bilbao,3946.0
mintempC,count,Lisboa,3946.0
mintempC,count,Madrid,3946.0
mintempC,count,Malaga,3946.0
mintempC,count,Oporto,3946.0
mintempC,count,Sevilla,3946.0
mintempC,count,Valencia,3946.0
mintempC,count,Vigo,3946.0
mintempC,count,Zaragoza,3946.0
mintempC,mean,Barcelona,13.475164723770908
mintempC,mean,Bilbao,11.200202736948809
mintempC,mean,Lisboa,13.53522554485555
mintempC,mean,Madrid,9.631018753167766
mintempC,mean,Malaga,15.346933603649266
mintempC,mean,Oporto,15.008616320324379
mintempC,mean,Sevilla,13.291941206284845
mintempC,mean,Valencia,20.827927014698428
mintempC,mean,Vigo,10.70248352762291
mintempC,mean,Zaragoza,10.158134820070957
mintempC,min,Barcelona,-2.0
mintempC,min,Bilbao,-3.0
mintempC,min,Lisboa,2.0
mintempC,min,Madrid,-6.0
mintempC,min,Malaga,2.0
mintempC,min,Oporto,-1.0
mintempC,min,Sevilla,-2.0
mintempC,min,Valencia,17.0
mintempC,min,Vigo,-1.0
mintempC,min,Zaragoza,-6.0
mintempC,25%,Barcelona,9.0
mintempC,25%,Bilbao,8.0
mintempC,25%,Lisboa,11.0
mintempC,25%,Madrid,4.0
mintempC,25%,Malaga,11.0
mintempC,25%,Oporto,12.0
mintempC,25%,Sevilla,8.0
mintempC,25%,Valencia,20.0
mintempC,25%,Vigo,8.0
mintempC,25%,Zaragoza,5.0
mintempC,50%,Barcelona,13.0
mintempC,50%,Bilbao,11.0
mintempC,50%,Lisboa,14.0
mintempC,50%,Madrid,9.0
mintempC,50%,Malaga,15.0
mintempC,50%,Oporto,15.0
mintempC,50%,Sevilla,13.0
mintempC,50%,Valencia,21.0
mintempC,50%,Vigo,11.0
mintempC,50%,Zaragoza,9.0
mintempC,75%,Barcelona,19.0
mintempC,75%,Bilbao,15.0
mintempC,75%,Lisboa,17.0
mintempC,75%,Madrid,16.0
mintempC,75%,Malaga,20.0
mintempC,75%,Oporto,19.0
mintempC,75%,Sevilla,19.0
mintempC,75%,Valencia,22.0
mintempC,75%,Vigo,14.0
mintempC,75%,Zaragoza,15.0
mintempC,max,Barcelona,29.0
mintempC,max,Bilbao,22.0
mintempC,max,Lisboa,27.0
mintempC,max,Madrid,27.0
mintempC,max,Malaga,27.0
mintempC,max,Oporto,29.0
mintempC,max,Sevilla,28.0
mintempC,max,Valencia,24.0
mintempC,max,Vigo,23.0
mintempC,max,Zaragoza,26.0
mintempC,std,Barcelona,5.766123394182639
mintempC,std,Bilbao,4.268724942316914
mintempC,std,Lisboa,3.74739803771172
mintempC,std,Madrid,7.031177415199262
mintempC,std,Malaga,4.978993843635147
mintempC,std,Oporto,4.719125046321189
mintempC,std,Sevilla,6.151646841863679
mintempC,std,Valencia,1.1007731403240488
mintempC,std,Vigo,3.7996969948379173
mintempC,std,Zaragoza,6.40107175500667
totalSnow_cm,count,Barcelona,3946.0
totalSnow_cm,count,Bilbao,3946.0
totalSnow_cm,count,Lisboa,3946.0
totalSnow_cm,count,Madrid,3946.0
totalSnow_cm,count,Malaga,3946.0
totalSnow_cm,count,Oporto,3946.0
totalSnow_cm,count,Sevilla,3946.0
totalSnow_cm,count,Valencia,3946.0
totalSnow_cm,count,Vigo,3946.0
totalSnow_cm,count,Zaragoza,3946.0
totalSnow_cm,mean,Barcelona,0.0006082108464267613
totalSnow_cm,mean,Bilbao,0.005676634566649771
totalSnow_cm,mean,Lisboa,0.0
totalSnow_cm,mean,Madrid,0.00978205778003041
totalSnow_cm,mean,Malaga,0.0
totalSnow_cm,mean,Oporto,0.0
totalSnow_cm,mean,Sevilla,0.0
totalSnow_cm,mean,Valencia,0.0
totalSnow_cm,mean,Vigo,0.0
totalSnow_cm,mean,Zaragoza,0.0010136847440446023
totalSnow_cm,min,Barcelona,0.0
totalSnow_cm,min,Bilbao,0.0
totalSnow_cm,min,Lisboa,0.0
totalSnow_cm,min,Madrid,0.0
totalSnow_cm,min,Malaga,0.0
totalSnow_cm,min,Oporto,0.0
totalSnow_cm,min,Sevilla,0.0
totalSnow_cm,min,Valencia,0.0
totalSnow_cm,min,Vigo,0.0
totalSnow_cm,min,Zaragoza,0.0
totalSnow_cm,25%,Barcelona,0.0
totalSnow_cm,25%,Bilbao,0.0
totalSnow_cm,25%,Lisboa,0.0
totalSnow_cm,25%,Madrid,0.0
totalSnow_cm,25%,Malaga,0.0
totalSnow_cm,25%,Oporto,0.0
totalSnow_cm,25%,Sevilla,0.0
totalSnow_cm,25%,Valencia,0.0
totalSnow_cm,25%,Vigo,0.0
totalSnow_cm,25%,Zaragoza,0.0
totalSnow_cm,50%,Barcelona,0.0
totalSnow_cm,50%,Bilbao,0.0
totalSnow_cm,50%,Lisboa,0.0
totalSnow_cm,50%,Madrid,0.0
totalSnow_cm,50%,Malaga,0.0
totalSnow_cm,50%,Oporto,0.0
totalSnow_cm,50%,Sevilla,0.0
totalSnow_cm,50%,Valencia,0.0
totalSnow_cm,50%,Vigo,0.0
totalSnow_cm,50%,Zaragoza,0.0
totalSnow_cm,75%,Barcelona,0.0
totalSnow_cm,75%,Bilbao,0.0
totalSnow_cm,75%,Lisboa,0.0
totalSnow_cm,75%,Madrid,0.0
totalSnow_cm,75%,Malaga,0.0
totalSnow_cm,75%,Oporto,0.0
totalSnow_cm,75%,Sevilla,0.0
totalSnow_cm,75%,Valencia,0.0
totalSnow_cm,75%,Vigo,0.0
totalSnow_cm,75%,Zaragoza,0.0
totalSnow_cm,max,Barcelona,1.1
totalSnow_cm,max,Bilbao,3.5
totalSnow_cm,max,Lisboa,0.0
totalSnow_cm,max,Madrid,5.9
totalSnow_cm,max,Malaga,0.0
totalSnow_cm,max,Oporto,0.0
totalSnow_cm,max,Sevilla,0.0
totalSnow_cm,max,Valencia,0.0
totalSnow_cm,max,Vigo,0.0
totalSnow_cm,max,Zaragoza,1.6
totalSnow_cm,std,Barcelona,0.024138070808360983
totalSnow_cm,std,Bilbao,0.09181019074365919
totalSnow_cm,std,Lisboa,0.0
totalSnow_cm,std,Madrid,0.1405244680710955
totalSnow_cm,std,Malaga,0.0
totalSnow_cm,std,Oporto,0.0
totalSnow_cm,std,Sevilla,0.0
totalSnow_cm,std,Valencia,0.0
totalSnow_cm,std,Vigo,0.0
totalSnow_cm,std,Zaragoza,0.031985204362406344
sunHour,count,Barcelona,3946.0
sunHour,count,Bilbao,3946.0
sunHour,count,Lisboa,3946.0
sunHour,count,Madrid,3946.0
sunHour,count,Malaga,3946.0
sunHour,count,Oporto,3946.0
sunHour,count,Sevilla,3946.0
sunHour,count,Valencia,3946.0
sunHour,count,Vigo,3946.0
sunHour,count,Zaragoza,3946.0
sunHour,mean,Barcelona,10.968727825646223
sunHour,mean,Bilbao,10.145159655347186
sunHour,mean,Lisboa,10.575772934617333
sunHour,mean,Madrid,11.05022807906741
sunHour,mean,Malaga,11.169944247339076
sunHour,mean,Oporto,10.19683223517486
sunHour,mean,Sevilla,10.959249873289407
sunHour,mean,Valencia,11.064850481500251
sunHour,mean,Vigo,10.276102382159149
sunHour,mean,Zaragoza,11.036872782564622
sunHour,min,Barcelona,3.4
sunHour,min,Bilbao,3.4
sunHour,min,Lisboa,4.8
sunHour,min,Madrid,3.4
sunHour,min,Malaga,3.7
sunHour,min,Oporto,3.8
sunHour,min,Sevilla,3.7
sunHour,min,Valencia,5.9
sunHour,min,Vigo,3.4
sunHour,min,Zaragoza,3.4
sunHour,25%,Barcelona,9.1
sunHour,25%,Bilbao,8.7
sunHour,25%,Lisboa,9.8
sunHour,25%,Madrid,8.7
sunHour,25%,Malaga,8.7
sunHour,25%,Oporto,8.7
sunHour,25%,Sevilla,8.7
sunHour,25%,Valencia,11.6
sunHour,25%,Vigo,8.7
sunHour,25%,Zaragoza,8.7
sunHour,50%,Barcelona,11.4
sunHour,50%,Bilbao,10.5
sunHour,50%,Lisboa,11.0
sunHour,50%,Madrid,11.6
sunHour,50%,Malaga,11.6
sunHour,50%,Oporto,10.9
sunHour,50%,Sevilla,11.6
sunHour,50%,Valencia,11.6
sunHour,50%,Vigo,10.9
sunHour,50%,Zaragoza,11.5
sunHour,75%,Barcelona,11.6
sunHour,75%,Bilbao,12.4
sunHour,75%,Lisboa,11.6
sunHour,75%,Madrid,14.0
sunHour,75%,Malaga,13.8
sunHour,75%,Oporto,12.7
sunHour,75%,Sevilla,13.8
sunHour,75%,Valencia,11.6
sunHour,75%,Vigo,13.5
sunHour,75%,Zaragoza,13.9
sunHour,max,Barcelona,14.5
sunHour,max,Bilbao,14.5
sunHour,max,Lisboa,14.5
sunHour,max,Madrid,14.5
sunHour,max,Malaga,14.5
sunHour,max,Oporto,14.1
sunHour,max,Sevilla,14.5
sunHour,max,Valencia,11.6
sunHour,max,Vigo,14.5
sunHour,max,Zaragoza,14.5
sunHour,std,Barcelona,2.447978448139676
sunHour,std,Bilbao,3.1702727469561767
sunHour,std,Lisboa,2.112949025634585
sunHour,std,Madrid,2.8006646320876816
sunHour,std,Malaga,2.5392840217073904
sunHour,std,Oporto,2.8441276704937772
sunHour,std,Sevilla,2.8068424171628377
sunHour,std,Valencia,1.1189229342415103
sunHour,std,Vigo,3.3885611070680124
sunHour,std,Zaragoza,2.6323484871313343
uvIndex,count,Barcelona,3946.0
uvIndex,count,Bilbao,3946.0
uvIndex,count,Lisboa,3946.0
uvIndex,count,Madrid,3946.0
uvIndex,count,Malaga,3946.0
uvIndex,count,Oporto,3946.0
uvIndex,count,Sevilla,3946.0
uvIndex,count,Valencia,3946.0
uvIndex,count,Vigo,3946.0
uvIndex,count,Zaragoza,3946.0
uvIndex,mean,Barcelona,4.612772427774962
uvIndex,mean,Bilbao,3.9457678661936137
uvIndex,mean,Lisboa,4.6573745565129245
uvIndex,mean,Madrid,4.289913836796757
uvIndex,mean,Malaga,4.9576786619361375
uvIndex,mean,Oporto,5.119107957425241
uvIndex,mean,Sevilla,5.09706031424227
uvIndex,mean,Valencia,6.091485048150026
uvIndex,mean,Vigo,3.9885960466294983
uvIndex,mean,Zaragoza,4.3324885960466295
uvIndex,min,Barcelona,1.0
uvIndex,min,Bilbao,1.0
uvIndex,min,Lisboa,2.0
uvIndex,min,Madrid,1.0
uvIndex,min,Malaga,2.0
uvIndex,min,Oporto,2.0
uvIndex,min,Sevilla,1.0
uvIndex,min,Valencia,5.0
uvIndex,min,Vigo,1.0
uvIndex,min,Zaragoza,1.0
uvIndex,25%,Barcelona,4.0
uvIndex,25%,Bilbao,3.0
uvIndex,25%,Lisboa,4.0
uvIndex,25%,Madrid,3.0
uvIndex,25%,Malaga,4.0
uvIndex,25%,Oporto,4.0
uvIndex,25%,Sevilla,4.0
uvIndex,25%,Valencia,6.0
uvIndex,25%,Vigo,3.0
uvIndex,25%,Zaragoza,3.0
uvIndex,50%,Barcelona,5.0
uvIndex,50%,Bilbao,4.0
uvIndex,50%,Lisboa,5.0
uvIndex,50%,Madrid,4.0
uvIndex,50%,Malaga,5.0
uvIndex,50%,Oporto,5.0
uvIndex,50%,Sevilla,5.0
uvIndex,50%,Valencia,6.0
uvIndex,50%,Vigo,4.0
uvIndex,50%,Zaragoza,4.0
uvIndex,75%,Barcelona,6.0
uvIndex,75%,Bilbao,5.0
uvIndex,75%,Lisboa,5.0
uvIndex,75%,Madrid,6.0
uvIndex,75%,Malaga,6.0
uvIndex,75%,Oporto,6.0
uvIndex,75%,Sevilla,6.0
uvIndex,75%,Valencia,6.0
uvIndex,75%,Vigo,5.0
uvIndex,75%,Zaragoza,6.0
uvIndex,max,Barcelona,8.0
uvIndex,max,Bilbao,7.0
uvIndex,max,Lisboa,8.0
uvIndex,max,Madrid,8.0
uvIndex,max,Malaga,8.0
uvIndex,max,Oporto,8.0
uvIndex,max,Sevilla,9.0
uvIndex,max,Valencia,7.0
uvIndex,max,Vigo,7.0
uvIndex,max,Zaragoza,8.0
uvIndex,std,Barcelona,1.2761154090825335
uvIndex,std,Bilbao,1.1682745744079035
uvIndex,std,Lisboa,1.045331270578153
uvIndex,std,Madrid,1.7073863667904159
uvIndex,std,Malaga,1.1553515024358691
uvIndex,std,Oporto,1.1454455202233678
uvIndex,std,Sevilla,1.5863666547832391
uvIndex,std,Valencia,0.4917504229623091
uvIndex,std,Vigo,1.0845716999788504
uvIndex,std,Zaragoza,1.5345431080836414
moon_illumination,count,Barcelona,3946.0
moon_illumination,count,Bilbao,3946.0
moon_illumination,count,Lisboa,3946.0
moon_illumination,count,Madrid,3946.0
moon_illumination,count,Malaga,3946.0
moon_illumination,count,Oporto,3946.0
moon_illumination,count,Sevilla,3946.0
moon_illumination,count,Valencia,3946.0
moon_illumination,count,Vigo,3946.0
moon_illumination,count,Zaragoza,3946.0
moon_illumination,mean,Barcelona,46.1158134820071
moon_illumination,mean,Bilbao,46.1158134820071
moon_illumination,mean,Lisboa,46.1158134820071
moon_illumination,mean,Madrid,46.1158134820071
moon_illumination,mean,Malaga,46.1158134820071
moon_illumination,mean,Oporto,46.1158134820071
moon_illumination,mean,Sevilla,46.1158134820071
moon_illumination,mean,Valencia,46.1158134820071
moon_illumination,mean,Vigo,46.1158134820071
moon_illumination,mean,Zaragoza,46.1158134820071
moon_illumination,min,Barcelona,0.0
moon_illumination,min,Bilbao,0.0
moon_illumination,min,Lisboa,0.0
moon_illumination,min,Madrid,0.0
moon_illumination,min,Malaga,0.0
moon_illumination,min,Oporto,0.0
moon_illumination,min,Sevilla,0.0
moon_illumination,min,Valencia,0.0
moon_illumination,min,Vigo,0.0
moon_illumination,min,Zaragoza,0.0
moon_illumination,25%,Barcelona,18.0
moon_illumination,25%,Bilbao,18.0
moon_illumination,25%,Lisboa,18.0
moon_illumination,25%,Madrid,18.0
moon_illumination,25%,Malaga,18.0
moon_illumination,25%,Oporto,18.0
moon_illumination,25%,Sevilla,18.0
moon_illumination,25%,Valencia,18.0
moon_illumination,25%,Vigo,18.0
moon_illumination,25%,Zaragoza,18.0
moon_illumination,50%,Barcelona,46.0
moon_illumination,50%,Bilbao,46.0
moon_illumination,50%,Lisboa,46.0
moon_illumination,50%,Madrid,46.0
moon_illumination,50%,Malaga,46.0
moon_illumination,50%,Oporto,46.0
moon_illumination,50%,Sevilla,46.0
moon_illumination,50%,Valencia,46.0
moon_illumination,50%,Vigo,46.0
moon_illumination,50%,Zaragoza,46.0
moon_illumination,75%,Barcelona,73.0
moon_illumination,75%,Bilbao,73.0
moon_illumination,75%,Lisboa,73.0
moon_illumination,75%,Madrid,73.0
moon_illumination,75%,Malaga,73.0
moon_illumination,75%,Oporto,73.0
moon_illumination,75%,Sevilla,73.0
moon_illumination,75%,Valencia,73.0
moon_illumination,75%,Vigo,73.0
moon_illumination,75%,Zaragoza,73.0
moon_illumination,max,Barcelona,100.0
moon_illumination,max,Bilbao,100.0
moon_illumination,max,Lisboa,100.0
moon_illumination,max,Madrid,100.0
moon_illumination,max,Malaga,100.0
moon_illumination,max,Oporto,100.0
moon_illumination,max,Sevilla,100.0
moon_illumination,max,Valencia,100.0
moon_illumination,max,Vigo,100.0
moon_illumination,max,Zaragoza,100.0
moon_illumination,std,Barcelona,31.285001987588682
moon_illumination,std,Bilbao,31.285001987588682
moon_illumination,std,Lisboa,31.285001987588682
moon_illumination,std,Madrid,31.285001987588682
moon_illumination,std,Malaga,31.285001987588682
moon_illumination,std,Oporto,31.285001987588682
moon_illumination,std,Sevilla,31.285001987588682
moon_illumination,std,Valencia,31.285001987588682
moon_illumination,std,Vigo,31.285001987588682
moon_illumination,std,Zaragoza,31.285001987588682
DewPointC,count,Barcelona,3946.0
DewPointC,count,Bilbao,3946.0
DewPointC,count,Lisboa,3946.0
DewPointC,count,Madrid,3946.0
DewPointC,count,Malaga,3946.0
DewPointC,count,Oporto,3946.0
DewPointC,count,Sevilla,3946.0
DewPointC,count,Valencia,3946.0
DewPointC,count,Vigo,3946.0
DewPointC,count,Zaragoza,3946.0
DewPointC,mean,Barcelona,11.217435377597567
DewPointC,mean,Bilbao,9.529143436391282
DewPointC,mean,Lisboa,11.30385200202737
DewPointC,mean,Madrid,5.423973644196654
DewPointC,mean,Malaga,11.787633046122656
DewPointC,mean,Oporto,15.43613786112519
DewPointC,mean,Sevilla,9.12088190572732
DewPointC,mean,Valencia,20.697161682716676
DewPointC,mean,Vigo,9.98656867714141
DewPointC,mean,Zaragoza,6.617840851495185
DewPointC,min,Barcelona,-12.0
DewPointC,min,Bilbao,-7.0
DewPointC,min,Lisboa,-6.0
DewPointC,min,Madrid,-12.0
DewPointC,min,Malaga,-9.0
DewPointC,min,Oporto,-1.0
DewPointC,min,Sevilla,-12.0
DewPointC,min,Valencia,16.0
DewPointC,min,Vigo,-4.0
DewPointC,min,Zaragoza,-14.0
DewPointC,25%,Barcelona,7.0
DewPointC,25%,Bilbao,6.0
DewPointC,25%,Lisboa,9.0
DewPointC,25%,Madrid,3.0
DewPointC,25%,Malaga,8.0
DewPointC,25%,Oporto,13.0
DewPointC,25%,Sevilla,7.0
DewPointC,25%,Valencia,20.0
DewPointC,25%,Vigo,7.0
DewPointC,25%,Zaragoza,3.0
DewPointC,50%,Barcelona,11.0
DewPointC,50%,Bilbao,9.0
DewPointC,50%,Lisboa,12.0
DewPointC,50%,Madrid,6.0
DewPointC,50%,Malaga,12.0
DewPointC,50%,Oporto,16.0
DewPointC,50%,Sevilla,9.0
DewPointC,50%,Valencia,21.0
DewPointC,50%,Vigo,10.0
DewPointC,50%,Zaragoza,7.0
DewPointC,75%,Barcelona,17.0
DewPointC,75%,Bilbao,13.0
DewPointC,75%,Lisboa,14.0
DewPointC,75%,Madrid,9.0
DewPointC,75%,Malaga,15.0
DewPointC,75%,Oporto,19.0
DewPointC,75%,Sevilla,12.0
DewPointC,75%,Valencia,22.0
DewPointC,75%,Vigo,13.0
DewPointC,75%,Zaragoza,11.0
DewPointC,max,Barcelona,23.0
DewPointC,max,Bilbao,20.0
DewPointC,max,Lisboa,20.0
DewPointC,max,Madrid,15.0
DewPointC,max,Malaga,22.0
DewPointC,max,Oporto,25.0
DewPointC,max,Sevilla,20.0
DewPointC,max,Valencia,24.0
DewPointC,max,Vigo,19.0
DewPointC,max,Zaragoza,19.0
DewPointC,std,Barcelona,6.246062190590588
DewPointC,std,Bilbao,4.681250483030226
DewPointC,std,Lisboa,4.038869492893513
DewPointC,std,Madrid,4.337348985423979
DewPointC,std,Malaga,4.724609585942731
DewPointC,std,Oporto,4.275446648107312
DewPointC,std,Sevilla,4.237300098465206
DewPointC,std,Valencia,1.3548119387260666
DewPointC,std,Vigo,3.9260040456888405
DewPointC,std,Zaragoza,5.243710796383626
FeelsLikeC,count,Barcelona,3946.0
FeelsLikeC,count,Bilbao,3946.0
FeelsLikeC,count,Lisboa,3946.0
FeelsLikeC,count,Madrid,3946.0
FeelsLikeC,count,Malaga,3946.0
FeelsLikeC,count,Oporto,3946.0
FeelsLikeC,count,Sevilla,3946.0
FeelsLikeC,count,Valencia,3946.0
FeelsLikeC,count,Vigo,3946.0
FeelsLikeC,count,Zaragoza,3946.0
FeelsLikeC,mean,Barcelona,16.766852508869743
FeelsLikeC,mean,Bilbao,12.51976685250887
FeelsLikeC,mean,Lisboa,16.20248352762291
FeelsLikeC,mean,Madrid,14.746071971616827
FeelsLikeC,mean,Malaga,17.94298023314749
FeelsLikeC,mean,Oporto,20.163710086163203
FeelsLikeC,mean,Sevilla,18.742270653826658
FeelsLikeC,mean,Valencia,26.791941206284847
FeelsLikeC,mean,Vigo,12.834262544348707
FeelsLikeC,mean,Zaragoza,13.677141409021795
FeelsLikeC,min,Barcelona,-4.0
FeelsLikeC,min,Bilbao,-5.0
FeelsLikeC,min,Lisboa,2.0
FeelsLikeC,min,Madrid,-8.0
FeelsLikeC,min,Malaga,0.0
FeelsLikeC,min,Oporto,1.0
FeelsLikeC,min,Sevilla,-1.0
FeelsLikeC,min,Valencia,21.0
FeelsLikeC,min,Vigo,-2.0
FeelsLikeC,min,Zaragoza,-13.0
FeelsLikeC,25%,Barcelona,11.0
FeelsLikeC,25%,Bilbao,8.0
FeelsLikeC,25%,Lisboa,12.0
FeelsLikeC,25%,Madrid,7.0
FeelsLikeC,25%,Malaga,12.0
FeelsLikeC,25%,Oporto,16.0
FeelsLikeC,25%,Sevilla,12.0
FeelsLikeC,25%,Valencia,26.0
FeelsLikeC,25%,Vigo,9.0
FeelsLikeC,25%,Zaragoza,7.0
FeelsLikeC,50%,Barcelona,16.0
FeelsLikeC,50%,Bilbao,13.0
FeelsLikeC,50%,Lisboa,16.0
FeelsLikeC,50%,Madrid,14.0
FeelsLikeC,50%,Malaga,17.0
FeelsLikeC,50%,Oporto,20.0
FeelsLikeC,50%,Sevilla,18.0
FeelsLikeC,50%,Valencia,27.0
FeelsLikeC,50%,Vigo,13.0
FeelsLikeC,50%,Zaragoza,13.0
FeelsLikeC,75%,Barcelona,22.0
FeelsLikeC,75%,Bilbao,17.0
FeelsLikeC,75%,Lisboa,20.0
FeelsLikeC,75%,Madrid,23.0
FeelsLikeC,75%,Malaga,24.0
FeelsLikeC,75%,Oporto,25.0
FeelsLikeC,75%,Sevilla,26.0
FeelsLikeC,75%,Valencia,28.0
FeelsLikeC,75%,Vigo,17.0
FeelsLikeC,75%,Zaragoza,21.0
FeelsLikeC,max,Barcelona,36.0
FeelsLikeC,max,Bilbao,28.0
FeelsLikeC,max,Lisboa,32.0
FeelsLikeC,max,Madrid,35.0
FeelsLikeC,max,Malaga,32.0
FeelsLikeC,max,Oporto,37.0
FeelsLikeC,max,Sevilla,37.0
FeelsLikeC,max,Valencia,31.0
FeelsLikeC,max,Vigo,29.0
FeelsLikeC,max,Zaragoza,33.0
FeelsLikeC,std,Barcelona,7.2016317033652255
FeelsLikeC,std,Bilbao,5.828929168908138
FeelsLikeC,std,Lisboa,5.066883850527356
FeelsLikeC,std,Madrid,9.145542856956657
FeelsLikeC,std,Malaga,6.543840078965626
FeelsLikeC,std,Oporto,5.9482398432678325
FeelsLikeC,std,Sevilla,7.999982402625476
FeelsLikeC,std,Valencia,1.4619971522185058
FeelsLikeC,std,Vigo,5.233982935085532
FeelsLikeC,std,Zaragoza,8.736774225476124
HeatIndexC,count,Barcelona,3946.0
HeatIndexC,count,Bilbao,3946.0
HeatIndexC,count,Lisboa,3946.0
HeatIndexC,count,Madrid,3946.0
HeatIndexC,count,Malaga,3946.0
HeatIndexC,count,Oporto,3946.0
HeatIndexC,count,Sevilla,3946.0
HeatIndexC,count,Valencia,3946.0
HeatIndexC,count,Vigo,3946.0
HeatIndexC,count,Zaragoza,3946.0
HeatIndexC,mean,Barcelona,17.52179422199696
HeatIndexC,mean,Bilbao,13.814749113025849
HeatIndexC,mean,Lisboa,17.01317790167258
HeatIndexC,mean,Madrid,15.656614292954892
HeatIndexC,mean,Malaga,18.604662949822604
HeatIndexC,mean,Oporto,20.641915864166243
HeatIndexC,mean,Sevilla,19.206031424227067
HeatIndexC,mean,Valencia,26.823872275722252
HeatIndexC,mean,Vigo,13.915864166244297
HeatIndexC,mean,Zaragoza,14.986061834769387
HeatIndexC,min,Barcelona,1.0
HeatIndexC,min,Bilbao,0.0
HeatIndexC,min,Lisboa,5.0
HeatIndexC,min,Madrid,-2.0
HeatIndexC,min,Malaga,4.0
HeatIndexC,min,Oporto,4.0
HeatIndexC,min,Sevilla,2.0
HeatIndexC,min,Valencia,21.0
HeatIndexC,min,Vigo,2.0
HeatIndexC,min,Zaragoza,-4.0
HeatIndexC,25%,Barcelona,12.0
HeatIndexC,25%,Bilbao,10.0
HeatIndexC,25%,Lisboa,13.0
HeatIndexC,25%,Madrid,9.0
HeatIndexC,25%,Malaga,13.0
HeatIndexC,25%,Oporto,17.0
HeatIndexC,25%,Sevilla,13.0
HeatIndexC,25%,Valencia,26.0
HeatIndexC,25%,Vigo,10.0
HeatIndexC,25%,Zaragoza,9.0
HeatIndexC,50%,Barcelona,16.0
HeatIndexC,50%,Bilbao,13.0
HeatIndexC,50%,Lisboa,17.0
HeatIndexC,50%,Madrid,15.0
HeatIndexC,50%,Malaga,17.0
HeatIndexC,50%,Oporto,21.0
HeatIndexC,50%,Sevilla,18.0
HeatIndexC,50%,Valencia,27.0
HeatIndexC,50%,Vigo,13.5
HeatIndexC,50%,Zaragoza,14.0
HeatIndexC,75%,Barcelona,23.0
HeatIndexC,75%,Bilbao,18.0
HeatIndexC,75%,Lisboa,21.0
HeatIndexC,75%,Madrid,23.0
HeatIndexC,75%,Malaga,24.0
HeatIndexC,75%,Oporto,25.0
HeatIndexC,75%,Sevilla,26.0
HeatIndexC,75%,Valencia,28.0
HeatIndexC,75%,Vigo,18.0
HeatIndexC,75%,Zaragoza,21.0
HeatIndexC,max,Barcelona,36.0
HeatIndexC,max,Bilbao,28.0
HeatIndexC,max,Lisboa,32.0
HeatIndexC,max,Madrid,35.0
HeatIndexC,max,Malaga,32.0
HeatIndexC,max,Oporto,37.0
HeatIndexC,max,Sevilla,37.0
HeatIndexC,max,Valencia,31.0
HeatIndexC,max,Vigo,29.0
HeatIndexC,max,Zaragoza,33.0
HeatIndexC,std,Barcelona,6.696775337665932
HeatIndexC,std,Bilbao,4.948392259847496
HeatIndexC,std,Lisboa,4.597109213151879
HeatIndexC,std,Madrid,8.254962978792236
HeatIndexC,std,Malaga,6.0503019062134715
HeatIndexC,std,Oporto,5.606239216589774
HeatIndexC,std,Sevilla,7.551991259113023
HeatIndexC,std,Valencia,1.375744179916689
HeatIndexC,std,Vigo,4.5798386327413425
HeatIndexC,std,Zaragoza,7.54222979405898
WindChillC,count,Barcelona,3946.0
WindChillC,count,Bilbao,3946.0
WindChillC,count,Lisboa,3946.0
WindChillC,count,Madrid,3946.0
WindChillC,count,Malaga,3946.0
WindChillC,count,Oporto,3946.0
WindChillC,count,Sevilla,3946.0
WindChillC,count,Valencia,3946.0
WindChillC,count,Vigo,3946.0
WindChillC,count,Zaragoza,3946.0
WindChillC,mean,Barcelona,16.386720729853014
WindChillC,mean,Bilbao,12.500506842372022
WindChillC,mean,Lisboa,16.133046122655855
WindChillC,mean,Madrid,14.837303598580842
WindChillC,mean,Malaga,17.570704510897112
WindChillC,mean,Oporto,19.55271160669032
WindChillC,mean,Sevilla,18.705524581855045
WindChillC,mean,Valencia,24.60973137354283
WindChillC,mean,Vigo,12.823112012164216
WindChillC,mean,Zaragoza,13.611758743030917
WindChillC,min,Barcelona,-4.0
WindChillC,min,Bilbao,-5.0
WindChillC,min,Lisboa,2.0
WindChillC,min,Madrid,-8.0
WindChillC,min,Malaga,0.0
WindChillC,min,Oporto,1.0
WindChillC,min,Sevilla,-1.0
WindChillC,min,Valencia,21.0
WindChillC,min,Vigo,-2.0
WindChillC,min,Zaragoza,-13.0
WindChillC,25%,Barcelona,11.0
WindChillC,25%,Bilbao,8.0
WindChillC,25%,Lisboa,12.0
WindChillC,25%,Madrid,7.0
WindChillC,25%,Malaga,12.0
WindChillC,25%,Oporto,16.0
WindChillC,25%,Sevilla,12.0
WindChillC,25%,Valencia,24.0
WindChillC,25%,Vigo,9.0
WindChillC,25%,Zaragoza,7.0
WindChillC,50%,Barcelona,16.0
WindChillC,50%,Bilbao,13.0
WindChillC,50%,Lisboa,16.0
WindChillC,50%,Madrid,14.0
WindChillC,50%,Malaga,17.0
WindChillC,50%,Oporto,20.0
WindChillC,50%,Sevilla,18.0
WindChillC,50%,Valencia,25.0
WindChillC,50%,Vigo,13.0
WindChillC,50%,Zaragoza,13.0
WindChillC,75%,Barcelona,22.0
WindChillC,75%,Bilbao,17.0
WindChillC,75%,Lisboa,20.0
WindChillC,75%,Madrid,23.0
WindChillC,75%,Malaga,23.0
WindChillC,75%,Oporto,23.0
WindChillC,75%,Sevilla,26.0
WindChillC,75%,Valencia,25.0
WindChillC,75%,Vigo,17.0
WindChillC,75%,Zaragoza,21.0
WindChillC,max,Barcelona,32.0
WindChillC,max,Bilbao,26.0
WindChillC,max,Lisboa,32.0
WindChillC,max,Madrid,35.0
WindChillC,max,Malaga,31.0
WindChillC,max,Oporto,33.0
WindChillC,max,Sevilla,37.0
WindChillC,max,Valencia,29.0
WindChillC,max,Vigo,27.0
WindChillC,max,Zaragoza,33.0
WindChillC,std,Barcelona,6.660323931389362
WindChillC,std,Bilbao,5.7903923525115415
WindChillC,std,Lisboa,4.951453827179285
WindChillC,std,Madrid,9.279924348910003
WindChillC,std,Malaga,6.066525439688083
WindChillC,std,Oporto,5.191138397993746
WindChillC,std,Sevilla,7.963570725379925
WindChillC,std,Valencia,1.1874914518009672
WindChillC,std,Vigo,5.209928422339776
WindChillC,std,Zaragoza,8.645023395241015
WindGustKmph,count,Barcelona,3946.0
WindGustKmph,count,Bilbao,3946.0
WindGustKmph,count,Lisboa,3946.0
WindGustKmph,count,Madrid,3946.0
WindGustKmph,count,Malaga,3946.0
WindGustKmph,count,Oporto,3946.0
WindGustKmph,count,Sevilla,3946.0
WindGustKmph,count,Valencia,3946.0
WindGustKmph,count,Vigo,3946.0
WindGustKmph,count,Zaragoza,3946.0
WindGustKmph,mean,Barcelona,15.402686264571718
WindGustKmph,mean,Bilbao,21.80587937151546
WindGustKmph,mean,Lisboa,22.84135833755702
WindGustKmph,mean,Madrid,15.431576279776989
WindGustKmph,mean,Malaga,17.764064875823617
WindGustKmph,mean,Oporto,18.186264571718194
WindGustKmph,mean,Sevilla,14.60795742524075
WindGustKmph,mean,Valencia,8.899645210339584
WindGustKmph,mean,Vigo,19.911049163710086
WindGustKmph,mean,Zaragoza,22.055245818550432
WindGustKmph,min,Barcelona,4.0
WindGustKmph,min,Bilbao,4.0
WindGustKmph,min,Lisboa,4.0
WindGustKmph,min,Madrid,2.0
WindGustKmph,min,Malaga,3.0
WindGustKmph,min,Oporto,5.0
WindGustKmph,min,Sevilla,3.0
WindGustKmph,min,Valencia,3.0
WindGustKmph,min,Vigo,5.0
WindGustKmph,min,Zaragoza,3.0
WindGustKmph,25%,Barcelona,11.0
WindGustKmph,25%,Bilbao,13.0
WindGustKmph,25%,Lisboa,17.0
WindGustKmph,25%,Madrid,11.0
WindGustKmph,25%,Malaga,11.0
WindGustKmph,25%,Oporto,14.0
WindGustKmph,25%,Sevilla,11.0
WindGustKmph,25%,Valencia,7.0
WindGustKmph,25%,Vigo,14.0
WindGustKmph,25%,Zaragoza,13.0
WindGustKmph,50%,Barcelona,13.0
WindGustKmph,50%,Bilbao,19.0
WindGustKmph,50%,Lisboa,22.0
WindGustKmph,50%,Madrid,14.0
WindGustKmph,50%,Malaga,17.0
WindGustKmph,50%,Oporto,17.0
WindGustKmph,50%,Sevilla,13.0
WindGustKmph,50%,Valencia,9.0
WindGustKmph,50%,Vigo,18.0
WindGustKmph,50%,Zaragoza,19.0
WindGustKmph,75%,Barcelona,18.0
WindGustKmph,75%,Bilbao,28.0
WindGustKmph,75%,Lisboa,28.0
WindGustKmph,75%,Madrid,19.0
WindGustKmph,75%,Malaga,23.0
WindGustKmph,75%,Oporto,22.0
WindGustKmph,75%,Sevilla,17.0
WindGustKmph,75%,Valencia,10.0
WindGustKmph,75%,Vigo,25.0
WindGustKmph,75%,Zaragoza,28.0
WindGustKmph,max,Barcelona,59.0
WindGustKmph,max,Bilbao,87.0
WindGustKmph,max,Lisboa,71.0
WindGustKmph,max,Madrid,56.0
WindGustKmph,max,Malaga,58.0
WindGustKmph,max,Oporto,53.0
WindGustKmph,max,Sevilla,53.0
WindGustKmph,max,Valencia,19.0
WindGustKmph,max,Vigo,68.0
WindGustKmph,max,Zaragoza,76.0
WindGustKmph,std,Barcelona,6.91353683108193
WindGustKmph,std,Bilbao,11.022655590800456
WindGustKmph,std,Lisboa,8.459171911868962
WindGustKmph,std,Madrid,6.9762956530066615
WindGustKmph,std,Malaga,7.876604500264358
WindGustKmph,std,Oporto,6.431191725200174
WindGustKmph,std,Sevilla,5.866588391073486
WindGustKmph,std,Valencia,2.439652341960027
WindGustKmph,std,Vigo,8.532852760793398
WindGustKmph,std,Zaragoza,11.561791411223558
cloudcover,count,Barcelona,3946.0
cloudcover,count,Bilbao,3946.0
cloudcover,count,Lisboa,3946.0
cloudcover,count,Madrid,3946.0
cloudcover,count,Malaga,3946.0
cloudcover,count,Oporto,3946.0
cloudcover,count,Sevilla,3946.0
cloudcover,count,Valencia,3946.0
cloudcover,count,Vigo,3946.0
cloudcover,count,Zaragoza,3946.0
cloudcover,mean,Barcelona,23.46705524581855
cloudcover,mean,Bilbao,40.85200202736949
cloudcover,mean,Lisboa,27.0727318803852
cloudcover,mean,Madrid,21.863152559553978
cloudcover,mean,Malaga,17.680435884439937
cloudcover,mean,Oporto,35.80131779016726
cloudcover,mean,Sevilla,20.493917891535734
cloudcover,mean,Valencia,33.21236695387734
cloudcover,mean,Vigo,35.610491637100864
cloudcover,mean,Zaragoza,23.105930055752662
cloudcover,min,Barcelona,0.0
cloudcover,min,Bilbao,0.0
cloudcover,min,Lisboa,0.0
cloudcover,min,Madrid,0.0
cloudcover,min,Malaga,0.0
cloudcover,min,Oporto,0.0
cloudcover,min,Sevilla,0.0
cloudcover,min,Valencia,0.0
cloudcover,min,Vigo,0.0
cloudcover,min,Zaragoza,0.0
cloudcover,25%,Barcelona,8.0
cloudcover,25%,Bilbao,18.0
cloudcover,25%,Lisboa,6.0
cloudcover,25%,Madrid,5.0
cloudcover,25%,Malaga,3.0
cloudcover,25%,Oporto,13.0
cloudcover,25%,Sevilla,3.0
cloudcover,25%,Valencia,21.0
cloudcover,25%,Vigo,8.0
cloudcover,25%,Zaragoza,7.0
cloudcover,50%,Barcelona,17.0
cloudcover,50%,Bilbao,38.0
cloudcover,50%,Lisboa,19.5
cloudcover,50%,Madrid,13.0
cloudcover,50%,Malaga,10.0
cloudcover,50%,Oporto,31.0
cloudcover,50%,Sevilla,11.0
cloudcover,50%,Valencia,30.0
cloudcover,50%,Vigo,29.0
cloudcover,50%,Zaragoza,17.0
cloudcover,75%,Barcelona,34.0
cloudcover,75%,Bilbao,61.0
cloudcover,75%,Lisboa,44.0
cloudcover,75%,Madrid,33.0
cloudcover,75%,Malaga,26.0
cloudcover,75%,Oporto,55.0
cloudcover,75%,Sevilla,32.0
cloudcover,75%,Valencia,42.0
cloudcover,75%,Vigo,59.0
cloudcover,75%,Zaragoza,34.0
cloudcover,max,Barcelona,100.0
cloudcover,max,Bilbao,100.0
cloudcover,max,Lisboa,100.0
cloudcover,max,Madrid,100.0
cloudcover,max,Malaga,100.0
cloudcover,max,Oporto,100.0
cloudcover,max,Sevilla,100.0
cloudcover,max,Valencia,99.0
cloudcover,max,Vigo,100.0
cloudcover,max,Zaragoza,100.0
cloudcover,std,Barcelona,20.456799931012657
cloudcover,std,Bilbao,27.184799530655408
cloudcover,std,Lisboa,24.60733517620511
cloudcover,std,Madrid,22.55761867528707
cloudcover,std,Malaga,19.44722819123582
cloudcover,std,Oporto,26.49452789544297
cloudcover,std,Sevilla,22.836967529403083
cloudcover,std,Valencia,16.651121037652626
cloudcover,std,Vigo,29.69366336471111
cloudcover,std,Zaragoza,20.415753014832944
humidity,count,Barcelona,3946.0
humidity,count,Bilbao,3946.0
humidity,count,Lisboa,3946.0
humidity,count,Madrid,3946.0
humidity,count,Malaga,3946.0
humidity,count,Oporto,3946.0
humidity,count,Sevilla,3946.0
humidity,count,Valencia,3946.0
humidity,count,Vigo,3946.0
humidity,count,Zaragoza,3946.0
humidity,mean,Barcelona,70.39660415610746
humidity,mean,Bilbao,77.01545869234668
humidity,mean,Lisboa,72.25139381652306
humidity,mean,Madrid,56.700963000506846
humidity,mean,Malaga,68.27166751140395
humidity,mean,Oporto,78.21312721743537
humidity,mean,Sevilla,58.64647744551444
humidity,mean,Valencia,80.48454130765332
humidity,mean,Vigo,79.5339584389255
humidity,mean,Zaragoza,61.7227572225038
humidity,min,Barcelona,28.0
humidity,min,Bilbao,42.0
humidity,min,Lisboa,26.0
humidity,min,Madrid,14.0
humidity,min,Malaga,28.0
humidity,min,Oporto,46.0
humidity,min,Sevilla,17.0
humidity,min,Valencia,48.0
humidity,min,Vigo,40.0
humidity,min,Zaragoza,25.0
humidity,25%,Barcelona,65.0
humidity,25%,Bilbao,73.0
humidity,25%,Lisboa,66.0
humidity,25%,Madrid,40.25
humidity,25%,Malaga,62.0
humidity,25%,Oporto,73.0
humidity,25%,Sevilla,44.0
humidity,25%,Valencia,75.0
humidity,25%,Vigo,73.0
humidity,25%,Zaragoza,53.0
humidity,50%,Barcelona,71.0
humidity,50%,Bilbao,78.0
humidity,50%,Lisboa,73.0
humidity,50%,Madrid,57.0
humidity,50%,Malaga,69.0
humidity,50%,Oporto,79.0
humidity,50%,Sevilla,59.0
humidity,50%,Valencia,81.0
humidity,50%,Vigo,80.0
humidity,50%,Zaragoza,62.0
humidity,75%,Barcelona,77.0
humidity,75%,Bilbao,82.0
humidity,75%,Lisboa,79.0
humidity,75%,Madrid,73.0
humidity,75%,Malaga,76.0
humidity,75%,Oporto,84.0
humidity,75%,Sevilla,73.0
humidity,75%,Valencia,86.0
humidity,75%,Vigo,87.0
humidity,75%,Zaragoza,71.0
humidity,max,Barcelona,97.0
humidity,max,Bilbao,96.0
humidity,max,Lisboa,96.0
humidity,max,Madrid,99.0
humidity,max,Malaga,95.0
humidity,max,Oporto,99.0
humidity,max,Sevilla,97.0
humidity,max,Valencia,99.0
humidity,max,Vigo,99.0
humidity,max,Zaragoza,94.0
humidity,std,Barcelona,10.007276370411057
humidity,std,Bilbao,7.699325222186713
humidity,std,Lisboa,10.436464995657245
humidity,std,Madrid,19.01195098986993
humidity,std,Malaga,10.425652923999758
humidity,std,Oporto,8.888918208799181
humidity,std,Sevilla,18.223091773173643
humidity,std,Valencia,7.816909249855292
humidity,std,Vigo,9.794335674135256
humidity,std,Zaragoza,12.286676002863663
precipMM,count,Barcelona,3946.0
precipMM,count,Bilbao,3946.0
precipMM,count,Lisboa,3946.0
precipMM,count,Madrid,3946.0
precipMM,count,Malaga,3946.0
precipMM,count,Oporto,3946.0
precipMM,count,Sevilla,3946.0
precipMM,count,Valencia,3946.0
precipMM,count,Vigo,3946.0
precipMM,count,Zaragoza,3946.0
precipMM,mean,Barcelona,0.8754434870755196
precipMM,mean,Bilbao,1.4477698935631018
precipMM,mean,Lisboa,0.8689812468322352
precipMM,mean,Madrid,0.5234414597060314
precipMM,mean,Malaga,0.5729853015712113
precipMM,mean,Oporto,1.8071464774455144
precipMM,mean,Sevilla,0.666751140395337
precipMM,mean,Valencia,2.34477952356817
precipMM,mean,Vigo,2.304967055245819
precipMM,mean,Zaragoza,0.5718955904713634
precipMM,min,Barcelona,0.0
precipMM,min,Bilbao,0.0
precipMM,min,Lisboa,0.0
precipMM,min,Madrid,0.0
precipMM,min,Malaga,0.0
precipMM,min,Oporto,0.0
precipMM,min,Sevilla,0.0
precipMM,min,Valencia,0.0
precipMM,min,Vigo,0.0
precipMM,min,Zaragoza,0.0
precipMM,25%,Barcelona,0.0
precipMM,25%,Bilbao,0.0
precipMM,25%,Lisboa,0.0
precipMM,25%,Madrid,0.0
precipMM,25%,Malaga,0.0
precipMM,25%,Oporto,0.0
precipMM,25%,Sevilla,0.0
precipMM,25%,Valencia,0.0
precipMM,25%,Vigo,0.0
precipMM,25%,Zaragoza,0.0
precipMM,50%,Barcelona,0.0
precipMM,50%,Bilbao,0.3
precipMM,50%,Lisboa,0.0
precipMM,50%,Madrid,0.0
precipMM,50%,Malaga,0.0
precipMM,50%,Oporto,0.0
precipMM,50%,Sevilla,0.0
precipMM,50%,Valencia,0.9
precipMM,50%,Vigo,0.1
precipMM,50%,Zaragoza,0.0
precipMM,75%,Barcelona,0.5
precipMM,75%,Bilbao,1.5
precipMM,75%,Lisboa,0.4
precipMM,75%,Madrid,0.2
precipMM,75%,Malaga,0.1
precipMM,75%,Oporto,1.3
precipMM,75%,Sevilla,0.0
precipMM,75%,Valencia,3.5
precipMM,75%,Vigo,1.9
precipMM,75%,Zaragoza,0.2
precipMM,max,Barcelona,31.5
precipMM,max,Bilbao,58.8
precipMM,max,Lisboa,32.2
precipMM,max,Madrid,30.4
precipMM,max,Malaga,28.6
precipMM,max,Oporto,109.8
precipMM,max,Sevilla,36.5
precipMM,max,Valencia,47.1
precipMM,max,Vigo,77.5
precipMM,max,Zaragoza,40.3
precipMM,std,Barcelona,2.4292164667452165
precipMM,std,Bilbao,3.090390903738899
precipMM,std,Lisboa,2.348575778796238
precipMM,std,Madrid,1.6861368438735875
precipMM,std,Malaga,2.046509918724843
precipMM,std,Oporto,5.059967349101789
precipMM,std,Sevilla,2.500702955650765
precipMM,std,Valencia,3.6348990518872424
precipMM,std,Vigo,5.392237829281353
precipMM,std,Zaragoza,2.0264620265352673
pressure,count,Barcelona,3946.0
pressure,count,Bilbao,3946.0
pressure,count,Lisboa,3946.0
pressure,count,Madrid,3946.0
pressure,count,Malaga,3946.0
pressure,count,Oporto,3946.0
pressure,count,Sevilla,3946.0
pressure,count,Valencia,3946.0
pressure,count,Vigo,3946.0
pressure,count,Zaragoza,3946.0
pressure,mean,Barcelona,1016.5653826659909
pressure,mean,Bilbao,1018.0813482007096
pressure,mean,Lisboa,1018.0615813482007
pressure,mean,Madrid,1017.7934617334009
pressure,mean,Malaga,1017.384693360365
pressure,mean,Oporto,1015.5983274201724
pressure,mean,Sevilla,1017.3613786112519
pressure,mean,Valencia,1012.1079574252408
pressure,mean,Vigo,1018.1490116573746
pressure,mean,Zaragoza,1017.6089711099849
pressure,min,Barcelona,986.0
pressure,min,Bilbao,982.0
pressure,min,Lisboa,983.0
pressure,min,Madrid,987.0
pressure,min,Malaga,988.0
pressure,min,Oporto,1001.0
pressure,min,Sevilla,985.0
pressure,min,Valencia,1007.0
pressure,min,Vigo,982.0
pressure,min,Zaragoza,985.0
pressure,25%,Barcelona,1013.0
pressure,25%,Bilbao,1014.0
pressure,25%,Lisboa,1015.0
pressure,25%,Madrid,1014.0
pressure,25%,Malaga,1014.0
pressure,25%,Oporto,1012.0
pressure,25%,Sevilla,1014.0
pressure,25%,Valencia,1011.0
pressure,25%,Vigo,1015.0
pressure,25%,Zaragoza,1014.0
pressure,50%,Barcelona,1017.0
pressure,50%,Bilbao,1018.0
pressure,50%,Lisboa,1018.0
pressure,50%,Madrid,1017.0
pressure,50%,Malaga,1017.0
pressure,50%,Oporto,1015.0
pressure,50%,Sevilla,1017.0
pressure,50%,Valencia,1012.0
pressure,50%,Vigo,1019.0
pressure,50%,Zaragoza,1018.0
pressure,75%,Barcelona,1021.0
pressure,75%,Bilbao,1023.0
pressure,75%,Lisboa,1021.0
pressure,75%,Madrid,1022.0
pressure,75%,Malaga,1020.0
pressure,75%,Oporto,1019.0
pressure,75%,Sevilla,1020.0
pressure,75%,Valencia,1013.0
pressure,75%,Vigo,1022.0
pressure,75%,Zaragoza,1022.0
pressure,max,Barcelona,1040.0
pressure,max,Bilbao,1042.0
pressure,max,Lisboa,1040.0
pressure,max,Madrid,1043.0
pressure,max,Malaga,1040.0
pressure,max,Oporto,1035.0
pressure,max,Sevilla,1040.0
pressure,max,Valencia,1017.0
pressure,max,Vigo,1042.0
pressure,max,Zaragoza,1042.0
pressure,std,Barcelona,6.882346979210617
pressure,std,Bilbao,7.7845006584421155
pressure,std,Lisboa,6.414575365406183
pressure,std,Madrid,6.7370806996083
pressure,std,Malaga,5.629769584214574
pressure,std,Oporto,5.113821053730267
pressure,std,Sevilla,5.82257035171956
pressure,std,Valencia,1.4896355179664533
pressure,std,Vigo,7.370175591517525
pressure,std,Zaragoza,6.9195566504626855
tempC,count,Barcelona,3946.0
tempC,count,Bilbao,3946.0
tempC,count,Lisboa,3946.0
tempC,count,Madrid,3946.0
tempC,count,Malaga,3946.0
tempC,count,Oporto,3946.0
tempC,count,Sevilla,3946.0
tempC,count,Valencia,3946.0
tempC,count,Vigo,3946.0
tempC,count,Zaragoza,3946.0
tempC,mean,Barcelona,19.24404460212874
tempC,mean,Bilbao,16.316523061327928
tempC,mean,Lisboa,20.458945767866194
tempC,mean,Madrid,20.05701976685251
tempC,mean,Malaga,20.47389761784085
tempC,mean,Oporto,24.7181956411556
tempC,mean,Sevilla,25.05068423720223
tempC,mean,Valencia,28.35656360871769
tempC,mean,Vigo,17.36796756208819
tempC,mean,Zaragoza,20.00025342118601
tempC,min,Barcelona,4.0
tempC,min,Bilbao,1.0
tempC,min,Lisboa,8.0
tempC,min,Madrid,0.0
tempC,min,Malaga,6.0
tempC,min,Oporto,5.0
tempC,min,Sevilla,3.0
tempC,min,Valencia,21.0
tempC,min,Vigo,4.0
tempC,min,Zaragoza,0.0
tempC,25%,Barcelona,14.0
tempC,25%,Bilbao,12.0
tempC,25%,Lisboa,16.0
tempC,25%,Madrid,12.0
tempC,25%,Malaga,16.0
tempC,25%,Oporto,21.0
tempC,25%,Sevilla,18.0
tempC,25%,Valencia,27.0
tempC,25%,Vigo,13.0
tempC,25%,Zaragoza,13.0
tempC,50%,Barcelona,19.0
tempC,50%,Bilbao,16.0
tempC,50%,Lisboa,20.0
tempC,50%,Madrid,19.0
tempC,50%,Malaga,20.0
tempC,50%,Oporto,25.0
tempC,50%,Sevilla,24.0
tempC,50%,Valencia,28.0
tempC,50%,Vigo,17.0
tempC,50%,Zaragoza,19.0
tempC,75%,Barcelona,24.0
tempC,75%,Bilbao,20.0
tempC,75%,Lisboa,25.0
tempC,75%,Madrid,28.0
tempC,75%,Malaga,25.0
tempC,75%,Oporto,29.0
tempC,75%,Sevilla,33.0
tempC,75%,Valencia,29.0
tempC,75%,Vigo,22.0
tempC,75%,Zaragoza,27.0
tempC,max,Barcelona,34.0
tempC,max,Bilbao,33.0
tempC,max,Lisboa,40.0
tempC,max,Madrid,40.0
tempC,max,Malaga,35.0
tempC,max,Oporto,40.0
tempC,max,Sevilla,45.0
tempC,max,Valencia,35.0
tempC,max,Vigo,33.0
tempC,max,Zaragoza,41.0
tempC,std,Barcelona,5.914601061409584
tempC,std,Bilbao,5.409414473124942
tempC,std,Lisboa,5.275186412756124
tempC,std,Madrid,8.93446312425919
tempC,std,Malaga,5.619173483252597
tempC,std,Oporto,5.741597344304366
tempC,std,Sevilla,8.57783069932907
tempC,std,Valencia,1.8224981116393026
tempC,std,Vigo,5.39322466328411
tempC,std,Zaragoza,8.452791437092285
visibility,count,Barcelona,3946.0
visibility,count,Bilbao,3946.0
visibility,count,Lisboa,3946.0
visibility,count,Madrid,3946.0
visibility,count,Malaga,3946.0
visibility,count,Oporto,3946.0
visibility,count,Sevilla,3946.0
visibility,count,Valencia,3946.0
visibility,count,Vigo,3946.0
visibility,count,Zaragoza,3946.0
visibility,mean,Barcelona,9.87658388241257
visibility,mean,Bilbao,9.685757729346173
visibility,mean,Lisboa,9.737202230106437
visibility,mean,Madrid,9.668525088697415
visibility,mean,Malaga,9.931069437404966
visibility,mean,Oporto,8.96477445514445
visibility,mean,Sevilla,9.629244804865687
visibility,mean,Valencia,9.162696401419158
visibility,mean,Vigo,9.218702483527624
visibility,mean,Zaragoza,9.857577293461734
visibility,min,Barcelona,6.0
visibility,min,Bilbao,4.0
visibility,min,Lisboa,3.0
visibility,min,Madrid,2.0
visibility,min,Malaga,7.0
visibility,min,Oporto,3.0
visibility,min,Sevilla,3.0
visibility,min,Valencia,1.0
visibility,min,Vigo,1.0
visibility,min,Zaragoza,4.0
visibility,25%,Barcelona,10.0
visibility,25%,Bilbao,9.0
visibility,25%,Lisboa,10.0
visibility,25%,Madrid,10.0
visibility,25%,Malaga,10.0
visibility,25%,Oporto,8.0
visibility,25%,Sevilla,10.0
visibility,25%,Valencia,9.0
visibility,25%,Vigo,9.0
visibility,25%,Zaragoza,10.0
visibility,50%,Barcelona,10.0
visibility,50%,Bilbao,10.0
visibility,50%,Lisboa,10.0
visibility,50%,Madrid,10.0
visibility,50%,Malaga,10.0
visibility,50%,Oporto,10.0
visibility,50%,Sevilla,10.0
visibility,50%,Valencia,10.0
visibility,50%,Vigo,10.0
visibility,50%,Zaragoza,10.0
visibility,75%,Barcelona,10.0
visibility,75%,Bilbao,10.0
visibility,75%,Lisboa,10.0
visibility,75%,Madrid,10.0
visibility,75%,Malaga,10.0
visibility,75%,Oporto,10.0
visibility,75%,Sevilla,10.0
visibility,75%,Valencia,10.0
visibility,75%,Vigo,10.0
visibility,75%,Zaragoza,10.0
visibility,max,Barcelona,20.0
visibility,max,Bilbao,20.0
visibility,max,Lisboa,20.0
visibility,max,Madrid,20.0
visibility,max,Malaga,19.0
visibility,max,Oporto,20.0
visibility,max,Sevilla,20.0
visibility,max,Valencia,20.0
visibility,max,Vigo,20.0
visibility,max,Zaragoza,20.0
visibility,std,Barcelona,0.636629342976259
visibility,std,Bilbao,0.7957968775473633
visibility,std,Lisboa,0.8295063526000854
visibility,std,Madrid,1.0182654821538748
visibility,std,Malaga,0.532171791300571
visibility,std,Oporto,1.4201254562892607
visibility,std,Sevilla,1.0973623347224717
visibility,std,Valencia,1.6254899941984464
visibility,std,Vigo,1.3284695595020668
visibility,std,Zaragoza,0.6881135356930043
winddirDegree,count,Barcelona,3946.0
winddirDegree,count,Bilbao,3946.0
winddirDegree,count,Lisboa,3946.0
winddirDegree,count,Madrid,3946.0
winddirDegree,count,Malaga,3946.0
winddirDegree,count,Oporto,3946.0
winddirDegree,count,Sevilla,3946.0
winddirDegree,count,Valencia,3946.0
winddirDegree,count,Vigo,3946.0
winddirDegree,count,Zaragoza,3946.0
winddirDegree,mean,Barcelona,194.22757222503802
winddirDegree,mean,Bilbao,194.80157121135326
winddirDegree,mean,Lisboa,229.48327420172328
winddirDegree,mean,Madrid,184.1887987835783
winddirDegree,mean,Malaga,200.7247845919919
winddirDegree,mean,Oporto,167.5435884439939
winddirDegree,mean,Sevilla,174.64850481500252
winddirDegree,mean,Valencia,98.11936137861125
winddirDegree,mean,Vigo,171.25063355296504
winddirDegree,mean,Zaragoza,235.48276735935124
winddirDegree,min,Barcelona,16.0
winddirDegree,min,Bilbao,10.0
winddirDegree,min,Lisboa,5.0
winddirDegree,min,Madrid,12.0
winddirDegree,min,Malaga,52.0
winddirDegree,min,Oporto,21.0
winddirDegree,min,Sevilla,6.0
winddirDegree,min,Valencia,5.0
winddirDegree,min,Vigo,11.0
winddirDegree,min,Zaragoza,43.0
winddirDegree,25%,Barcelona,139.0
winddirDegree,25%,Bilbao,139.0
winddirDegree,25%,Lisboa,168.0
winddirDegree,25%,Madrid,127.25
winddirDegree,25%,Malaga,125.0
winddirDegree,25%,Oporto,110.0
winddirDegree,25%,Sevilla,110.0
winddirDegree,25%,Valencia,51.0
winddirDegree,25%,Vigo,136.25
winddirDegree,25%,Zaragoza,170.0
winddirDegree,50%,Barcelona,206.0
winddirDegree,50%,Bilbao,196.0
winddirDegree,50%,Lisboa,245.0
winddirDegree,50%,Madrid,186.0
winddirDegree,50%,Malaga,205.0
winddirDegree,50%,Oporto,159.0
winddirDegree,50%,Sevilla,185.0
winddirDegree,50%,Valencia,90.0
winddirDegree,50%,Vigo,173.0
winddirDegree,50%,Zaragoza,260.0
winddirDegree,75%,Barcelona,249.0
winddirDegree,75%,Bilbao,260.0
winddirDegree,75%,Lisboa,306.0
winddirDegree,75%,Madrid,243.0
winddirDegree,75%,Malaga,274.0
winddirDegree,75%,Oporto,219.75
winddirDegree,75%,Sevilla,236.0
winddirDegree,75%,Valencia,142.0
winddirDegree,75%,Vigo,218.0
winddirDegree,75%,Zaragoza,305.0
winddirDegree,max,Barcelona,344.0
winddirDegree,max,Bilbao,349.0
winddirDegree,max,Lisboa,357.0
winddirDegree,max,Madrid,352.0
winddirDegree,max,Malaga,342.0
winddirDegree,max,Oporto,345.0
winddirDegree,max,Sevilla,340.0
winddirDegree,max,Valencia,354.0
winddirDegree,max,Vigo,352.0
winddirDegree,max,Zaragoza,337.0
winddirDegree,std,Barcelona,70.64227460059404
winddirDegree,std,Bilbao,76.66776485176742
winddirDegree,std,Lisboa,89.01177973637584
winddirDegree,std,Madrid,74.30633736840201
winddirDegree,std,Malaga,77.12675379590581
winddirDegree,std,Oporto,67.47781873316193
winddirDegree,std,Sevilla,77.8380488219301
winddirDegree,std,Valencia,54.77523790131746
winddirDegree,std,Vigo,70.12643140139154
winddirDegree,std,Zaragoza,76.67862472705848
windspeedKmph,count,Barcelona,3946.0
windspeedKmph,count,Bilbao,3946.0
windspeedKmph,count,Lisboa,3946.0
windspeedKmph,count,Madrid,3946.0
windspeedKmph,count,Malaga,3946.0
windspeedKmph,count,Oporto,3946.0
windspeedKmph,count,Sevilla,3946.0
windspeedKmph,count,Valencia,3946.0
windspeedKmph,count,Vigo,3946.0
windspeedKmph,count,Zaragoza,3946.0
windspeedKmph,mean,Barcelona,10.54434870755195
windspeedKmph,mean,Bilbao,14.090217942219969
windspeedKmph,mean,Lisboa,14.892802838317284
windspeedKmph,mean,Madrid,10.501013684744045
windspeedKmph,mean,Malaga,11.586416624429802
windspeedKmph,mean,Oporto,11.390268626457171
windspeedKmph,mean,Sevilla,9.246325392802838
windspeedKmph,mean,Valencia,6.157121135326913
windspeedKmph,mean,Vigo,12.314242270653827
windspeedKmph,mean,Zaragoza,15.006842372022302
windspeedKmph,min,Barcelona,3.0
windspeedKmph,min,Bilbao,3.0
windspeedKmph,min,Lisboa,2.0
windspeedKmph,min,Madrid,1.0
windspeedKmph,min,Malaga,3.0
windspeedKmph,min,Oporto,3.0
windspeedKmph,min,Sevilla,2.0
windspeedKmph,min,Valencia,2.0
windspeedKmph,min,Vigo,3.0
windspeedKmph,min,Zaragoza,2.0
windspeedKmph,25%,Barcelona,8.0
windspeedKmph,25%,Bilbao,9.0
windspeedKmph,25%,Lisboa,10.0
windspeedKmph,25%,Madrid,7.0
windspeedKmph,25%,Malaga,8.0
windspeedKmph,25%,Oporto,8.0
windspeedKmph,25%,Sevilla,7.0
windspeedKmph,25%,Valencia,5.0
windspeedKmph,25%,Vigo,8.0
windspeedKmph,25%,Zaragoza,9.0
windspeedKmph,50%,Barcelona,9.0
windspeedKmph,50%,Bilbao,12.0
windspeedKmph,50%,Lisboa,14.0
windspeedKmph,50%,Madrid,10.0
windspeedKmph,50%,Malaga,11.0
windspeedKmph,50%,Oporto,11.0
windspeedKmph,50%,Sevilla,9.0
windspeedKmph,50%,Valencia,6.0
windspeedKmph,50%,Vigo,11.0
windspeedKmph,50%,Zaragoza,13.0
windspeedKmph,75%,Barcelona,12.0
windspeedKmph,75%,Bilbao,18.0
windspeedKmph,75%,Lisboa,18.0
windspeedKmph,75%,Madrid,13.0
windspeedKmph,75%,Malaga,15.0
windspeedKmph,75%,Oporto,14.0
windspeedKmph,75%,Sevilla,11.0
windspeedKmph,75%,Valencia,7.0
windspeedKmph,75%,Vigo,16.0
windspeedKmph,75%,Zaragoza,19.0
windspeedKmph,max,Barcelona,39.0
windspeedKmph,max,Bilbao,55.0
windspeedKmph,max,Lisboa,47.0
windspeedKmph,max,Madrid,37.0
windspeedKmph,max,Malaga,37.0
windspeedKmph,max,Oporto,36.0
windspeedKmph,max,Sevilla,33.0
windspeedKmph,max,Valencia,13.0
windspeedKmph,max,Vigo,41.0
windspeedKmph,max,Zaragoza,57.0
windspeedKmph,std,Barcelona,4.235068124817471
windspeedKmph,std,Bilbao,6.909626326565568
windspeedKmph,std,Lisboa,5.879992404067419
windspeedKmph,std,Madrid,4.897077474726691
windspeedKmph,std,Malaga,5.081266868245495
windspeedKmph,std,Oporto,4.127345093363287
windspeedKmph,std,Sevilla,3.664600352843021
windspeedKmph,std,Valencia,1.9674528446942874
windspeedKmph,std,Vigo,5.492207628524815
windspeedKmph,std,Zaragoza,8.480093969275655
